{"cameraMode":{"drawMode":0,"name":"Shaded","section":"Shading Mode"},"sceneLighting":true,"audioPlay":false,"sceneViewState":{"showFog":true,"showMaterialUpdate":false,"showSkybox":true,"showFlares":true,"showImageEffects":true,"showParticleSystems":true},"in2DMode":false,"pivot":{"x":-0.04345703125,"y":1.54541015625,"z":-0.642242431640625},"rotation":{"x":0.12825283408164979,"y":-0.7007958889007568,"z":0.13034766912460328,"w":0.689531683921814},"size":2.247680425643921,"orthographic":true}