{"cameraMode":{"drawMode":0,"name":"Shaded","section":"Shading Mode"},"sceneLighting":true,"audioPlay":false,"sceneViewState":{"showFog":true,"showMaterialUpdate":false,"showSkybox":true,"showFlares":true,"showImageEffects":true,"showParticleSystems":true},"in2DMode":false,"pivot":{"x":-2.779379367828369,"y":4.069594860076904,"z":-0.5277252197265625},"rotation":{"x":-0.20623937249183656,"y":-0.12234814465045929,"z":0.026000332087278367,"w":-0.9704766869544983},"size":11.793356895446778,"orthographic":true}