{"cameraMode":{"drawMode":0,"name":"Shaded","section":"Shading Mode"},"sceneLighting":true,"audioPlay":false,"sceneViewState":{"showFog":true,"showMaterialUpdate":false,"showSkybox":true,"showFlares":true,"showImageEffects":true,"showParticleSystems":true},"in2DMode":false,"pivot":{"x":-5.257119178771973,"y":-0.4385371208190918,"z":-0.6268388032913208},"rotation":{"x":-0.19071853160858155,"y":0.6548876166343689,"z":-0.1759682297706604,"w":-0.7097813487052918},"size":18.893571853637697,"orthographic":true}