{"cameraMode":{"drawMode":0,"name":"Shaded","section":"Shading Mode"},"sceneLighting":true,"audioPlay":false,"sceneViewState":{"showFog":true,"showMaterialUpdate":false,"showSkybox":true,"showFlares":true,"showImageEffects":true,"showParticleSystems":true},"in2DMode":false,"pivot":{"x":-2.779379367828369,"y":4.069594860076904,"z":-0.5277252197265625},"rotation":{"x":0.11435920745134354,"y":0.7949001789093018,"z":-0.15823987126350404,"w":0.5744717717170715},"size":8.749313354492188,"orthographic":true}