{"cameraMode":{"drawMode":0,"name":"Shaded","section":"Shading Mode"},"sceneLighting":true,"audioPlay":false,"sceneViewState":{"showFog":true,"showMaterialUpdate":false,"showSkybox":true,"showFlares":true,"showImageEffects":true,"showParticleSystems":true},"in2DMode":false,"pivot":{"x":8.894170761108399,"y":2.0589160919189455,"z":-3.7376842498779299},"rotation":{"x":0.14356565475463868,"y":0.8506740927696228,"z":-0.29995816946029665,"w":0.407150000333786},"size":14.837797164916993,"orthographic":false}